{
  "experiment": "E11_break_uniform_attention",
  "description": "E11: 4 fixes to break uniform anchor attention (entropy anneal, xavier proj, ortho anchors, 0.05 U/V)",
  "seeds": [
    42,
    123,
    7
  ],
  "device": "cuda",
  "fixes": [
    "Trainer delegates entropy weight to model._get_effective_lambda_entropy()",
    "manifold_proj: xavier_normal(gain=2.0) init",
    "anchors: orthogonal QR init (unit-norm, max separation)",
    "U_all/V_all: 0.05 scale (was 0.01)"
  ],
  "e10_baselines": {
    "gsm8k": {
      "mean": 0.474,
      "std": 0.033
    },
    "arc_challenge": {
      "mean": 0.281,
      "std": 0.003
    },
    "strategyqa": {
      "mean": 0.492,
      "std": 0.023
    },
    "folio": {
      "mean": 0.33,
      "std": 0.01
    }
  },
  "per_seed": {
    "42": {
      "gsm8k": {
        "n_examples": 1319,
        "n_choices": 4,
        "random_baseline": 0.25,
        "accuracy": 0.4450341167551175,
        "lift_over_random": 0.1950341167551175,
        "anchor_entropy_mean": 2.7629318237304688,
        "anchor_entropy_std": 0.004280400928109884,
        "anchor_entropy_ratio": 0.9965170101025618,
        "max_anchor_weight_mean": 0.0788312703371048,
        "max_anchor_weight_std": 0.004504959564656019,
        "per_anchor_mean_weight": [
          0.06402753293514252,
          0.0668884664773941,
          0.06159772351384163,
          0.05879010260105133,
          0.06313761323690414,
          0.059962812811136246,
          0.060748640447854996,
          0.06344378739595413,
          0.06334749609231949,
          0.06100406497716904,
          0.061178095638751984,
          0.0637889876961708,
          0.06212194263935089,
          0.06278494000434875,
          0.06625743955373764,
          0.06092038378119469
        ],
        "anchor_weight_gini": 0.01864994317293167
      },
      "arc_challenge": {
        "n_examples": 1172,
        "n_choices": 4,
        "random_baseline": 0.25,
        "accuracy": 0.28668941979522183,
        "lift_over_random": 0.036689419795221834,
        "anchor_entropy_mean": 2.760465145111084,
        "anchor_entropy_std": 0.0031471820548176765,
        "anchor_entropy_ratio": 0.9956273438496485,
        "max_anchor_weight_mean": 0.07890357822179794,
        "max_anchor_weight_std": 0.003369202371686697,
        "per_anchor_mean_weight": [
          0.04988716170191765,
          0.05386152118444443,
          0.056967973709106445,
          0.07383696734905243,
          0.07089021801948547,
          0.056700073182582855,
          0.05577331408858299,
          0.07426479458808899,
          0.05390818044543266,
          0.05737851560115814,
          0.06344882398843765,
          0.07676523923873901,
          0.06964350491762161,
          0.05606381967663765,
          0.07419030368328094,
          0.05641959235072136
        ],
        "anchor_weight_gini": 0.07779069757089019
      },
      "strategyqa": {
        "n_examples": 1603,
        "n_choices": 2,
        "random_baseline": 0.5,
        "accuracy": 0.495321272613849,
        "lift_over_random": -0.004678727386150994,
        "anchor_entropy_mean": 2.760756254196167,
        "anchor_entropy_std": 0.0023976911325007677,
        "anchor_entropy_ratio": 0.9957323392580002,
        "max_anchor_weight_mean": 0.07857025414705276,
        "max_anchor_weight_std": 0.0028113401494920254,
        "per_anchor_mean_weight": [
          0.049425192177295685,
          0.05436841771006584,
          0.061128661036491394,
          0.07214478403329849,
          0.0698784589767456,
          0.05564648658037186,
          0.05569228529930115,
          0.07532352954149246,
          0.05314728245139122,
          0.05687551200389862,
          0.06536104530096054,
          0.07717838883399963,
          0.0694965049624443,
          0.05642573535442352,
          0.07391390949487686,
          0.05399380624294281
        ],
        "anchor_weight_gini": 0.08021259866654873
      },
      "folio": {
        "n_examples": 203,
        "n_choices": 3,
        "random_baseline": 0.3333333333333333,
        "accuracy": 0.35467980295566504,
        "lift_over_random": 0.02134646962233172,
        "anchor_entropy_mean": 2.760916233062744,
        "anchor_entropy_std": 0.0028148747514933348,
        "anchor_entropy_ratio": 0.9957900394373647,
        "max_anchor_weight_mean": 0.07832972705364227,
        "max_anchor_weight_std": 0.0032290066592395306,
        "per_anchor_mean_weight": [
          0.04927150905132294,
          0.05350283160805702,
          0.05942300334572792,
          0.07215003669261932,
          0.06972043961286545,
          0.05642460286617279,
          0.05648232623934746,
          0.07513059675693512,
          0.053617823868989944,
          0.057916030287742615,
          0.0662013366818428,
          0.07637659460306168,
          0.07065608352422714,
          0.05532658472657204,
          0.07250669598579407,
          0.055293478071689606
        ],
        "anchor_weight_gini": 0.07822956796735525
      }
    },
    "123": {
      "gsm8k": {
        "n_examples": 1319,
        "n_choices": 4,
        "random_baseline": 0.25,
        "accuracy": 0.5049279757391963,
        "lift_over_random": 0.25492797573919634,
        "anchor_entropy_mean": 2.763300657272339,
        "anchor_entropy_std": 0.003558679251000285,
        "anchor_entropy_ratio": 0.9966500386830042,
        "max_anchor_weight_mean": 0.07935721427202225,
        "max_anchor_weight_std": 0.004403413739055395,
        "per_anchor_mean_weight": [
          0.060149990022182465,
          0.0658063068985939,
          0.06179271638393402,
          0.060276709496974945,
          0.06242453306913376,
          0.06563897430896759,
          0.06246541440486908,
          0.0632549449801445,
          0.06116100773215294,
          0.06568470597267151,
          0.0608270987868309,
          0.06149858981370926,
          0.06175924837589264,
          0.06319958716630936,
          0.06328204274177551,
          0.06077812984585762
        ],
        "anchor_weight_gini": 0.016039084643125534
      },
      "arc_challenge": {
        "n_examples": 1172,
        "n_choices": 4,
        "random_baseline": 0.25,
        "accuracy": 0.28668941979522183,
        "lift_over_random": 0.036689419795221834,
        "anchor_entropy_mean": 2.759561777114868,
        "anchor_entropy_std": 0.0013318212004378438,
        "anchor_entropy_ratio": 0.9953015227175889,
        "max_anchor_weight_mean": 0.08222561329603195,
        "max_anchor_weight_std": 0.001676718587987125,
        "per_anchor_mean_weight": [
          0.05813886225223541,
          0.05664950609207153,
          0.06031641736626625,
          0.054396409541368484,
          0.06270097941160202,
          0.04800530523061752,
          0.06964358687400818,
          0.07250373065471649,
          0.06445914506912231,
          0.04430263489484787,
          0.06019322946667671,
          0.07338564097881317,
          0.06400570273399353,
          0.07546035200357437,
          0.05377067252993584,
          0.08206783980131149
        ],
        "anchor_weight_gini": 0.0899066524580121
      },
      "strategyqa": {
        "n_examples": 1603,
        "n_choices": 2,
        "random_baseline": 0.5,
        "accuracy": 0.46350592638802246,
        "lift_over_random": -0.03649407361197754,
        "anchor_entropy_mean": 2.7601430416107178,
        "anchor_entropy_std": 0.0011757082538679242,
        "anchor_entropy_ratio": 0.9955111695689907,
        "max_anchor_weight_mean": 0.08152730017900467,
        "max_anchor_weight_std": 0.0015711793676018715,