{
  "config": {
    "encoder": "all-MiniLM-L6-v2",
    "classifier": "mlp",
    "encoder_dim": 384,
    "manifold_dim": 10,
    "n_params": 11342
  },
  "dataset": {
    "total": 6000,
    "train": 4800,
    "val": 1200
  },
  "heuristic_baseline": {
    "accuracy": 0.9741666666666666,
    "per_type_accuracy": {
      "Cause": 0.9866666666666667,
      "Deduc": 0.9333333333333333,
      "Induc": 0.9733333333333334,
      "Analog": 0.9733333333333334,
      "Conserv": 0.9933333333333333,
      "Counter": 0.98,
      "Abduc": 0.98,
      "Decomp": 0.9733333333333334
    }
  },
  "arti_results": {
    "accuracy": 0.7075,
    "per_type_accuracy": {
      "Cause": 0.10666666666666667,
      "Deduc": 0.46,
      "Induc": 0.76,
      "Analog": 0.92,
      "Conserv": 0.7733333333333333,
      "Counter": 0.9066666666666666,
      "Abduc": 0.9666666666666667,
      "Decomp": 0.7666666666666667
    }
  },
  "improvement_over_heuristic": -0.2666666666666666,
  "improvement_over_chance": 0.5825,
  "training": {
    "epochs": 71,
    "best_val_acc": 0.7075
  }
}