{
  "v1_accuracy": 0.8353333473205566,
  "v2_accuracy": 0.8293333053588867,
  "ensemble_accuracy": 0.8420000076293945,
  "oracle_accuracy": 0.8899999856948853,
  "v1_selected_pct": 0.7086666822433472,
  "v2_selected_pct": 0.29133331775665283,
  "agreement_rate": 0.8080000281333923,
  "agree_accuracy": 0.9587458968162537,
  "disagree_ensemble_accuracy": 0.3506944477558136,
  "disagree_oracle_accuracy": 0.6006944179534912,
  "per_type": {
    "PhysCause": {
      "n": 160,
      "v1_acc": 0.4000000059604645,
      "v2_acc": 0.4937500059604645,
      "ensemble_acc": 0.38749998807907104,
      "oracle_acc": 0.6312500238418579,
      "v1_mean_conf": 0.793512225151062,
      "v2_mean_conf": 0.6946579217910767,
      "v1_selected_pct": 0.675000011920929
    },
    "BehvCause": {
      "n": 146,
      "v1_acc": 0.7465753555297852,
      "v2_acc": 0.698630154132843,
      "ensemble_acc": 0.767123281955719,
      "oracle_acc": 0.8150684833526611,
      "v1_mean_conf": 0.8307963609695435,
      "v2_mean_conf": 0.7993851900100708,
      "v1_selected_pct": 0.6301369667053223
    },
    "SysCause": {
      "n": 184,
      "v1_acc": 0.989130437374115,
      "v2_acc": 0.9836956262588501,
      "ensemble_acc": 0.989130437374115,
      "oracle_acc": 0.989130437374115,
      "v1_mean_conf": 0.9991875290870667,
      "v2_mean_conf": 0.9903393387794495,
      "v1_selected_pct": 0.83152174949646
    },
    "Deduc": {
      "n": 146,
      "v1_acc": 0.5410959124565125,
      "v2_acc": 0.5,
      "ensemble_acc": 0.568493127822876,
      "oracle_acc": 0.6849315166473389,
      "v1_mean_conf": 0.8082479238510132,
      "v2_mean_conf": 0.7081179618835449,
      "v1_selected_pct": 0.698630154132843
    },
    "Induc": {
      "n": 140,
      "v1_acc": 0.9642857313156128,
      "v2_acc": 0.9428571462631226,
      "ensemble_acc": 0.9642857313156128,
      "oracle_acc": 0.9714285731315613,
      "v1_mean_conf": 0.969970166683197,
      "v2_mean_conf": 0.9212422966957092,
      "v1_selected_pct": 0.8285714387893677
    },
    "Analog": {
      "n": 146,
      "v1_acc": 0.9863013625144958,
      "v2_acc": 0.9931507110595703,
      "ensemble_acc": 0.9931507110595703,
      "oracle_acc": 0.9931507110595703,
      "v1_mean_conf": 0.9904464483261108,
      "v2_mean_conf": 0.9901196360588074,
      "v1_selected_pct": 0.5479452013969421
    },
    "Conserv": {
      "n": 144,
      "v1_acc": 0.8888888955116272,
      "v2_acc": 0.8472222089767456,
      "ensemble_acc": 0.9027777910232544,
      "oracle_acc": 0.9236111044883728,
      "v1_mean_conf": 0.8443391919136047,
      "v2_mean_conf": 0.8383200168609619,
      "v1_selected_pct": 0.4930555522441864
    },
    "Counter": {
      "n": 155,
      "v1_acc": 0.9935483932495117,
      "v2_acc": 0.9935483932495117,
      "ensemble_acc": 0.9935483932495117,
      "oracle_acc": 1.0,
      "v1_mean_conf": 0.9966892600059509,
      "v2_mean_conf": 0.9818435907363892,
      "v1_selected_pct": 0.9032257795333862
    },
    "Abduc": {
      "n": 150,
      "v1_acc": 0.9800000190734863,
      "v2_acc": 0.9800000190734863,
      "ensemble_acc": 0.9866666793823242,
      "oracle_acc": 0.9866666793823242,
      "v1_mean_conf": 0.9932998418807983,
      "v2_mean_conf": 0.9880167841911316,
      "v1_selected_pct": 0.7933333516120911
    },
    "Decomp": {
      "n": 129,
      "v1_acc": 0.8604651093482971,
      "v2_acc": 0.8449612259864807,
      "ensemble_acc": 0.8682170510292053,
      "oracle_acc": 0.8992248177528381,
      "v1_mean_conf": 0.8919581770896912,
      "v2_mean_conf": 0.8519402146339417,
      "v1_selected_pct": 0.6356589198112488
    }
  },
  "ensemble_mean_conf": 0.9443954825401306
}